Test-Train Split (%),Max_depth,Min_Sample_Split,Time taken to train classifier (sec),Memory used (MB),CPU used,Accuracy Score,Precision Score,F1-Score,Recall Score
10.0,2,2,0.0,0.234375,0.0,1.0,1.0,1.0,1.0
10.0,2,3,0.0,0.0078125,0.0,1.0,1.0,1.0,1.0
10.0,2,4,0.0,0.0,0.0,1.0,1.0,1.0,1.0
10.0,2,5,0.0,0.0,0.0,1.0,1.0,1.0,1.0
10.0,2,6,0.0,0.0,0.0,1.0,1.0,1.0,1.0
10.0,2,7,0.0,0.0,0.0,1.0,1.0,1.0,1.0
10.0,2,8,0.0,0.0,0.0,1.0,1.0,1.0,1.0
10.0,2,9,0.0,0.0,0.0,1.0,1.0,1.0,1.0
10.0,2,10,0.0,0.0,0.0,1.0,1.0,1.0,1.0
10.0,3,2,0.0,0.0,0.0,1.0,1.0,1.0,1.0
10.0,3,3,0.0,0.0,0.0,1.0,1.0,1.0,1.0
10.0,3,4,0.0,0.0,0.0,1.0,1.0,1.0,1.0
10.0,3,5,0.0,0.0,0.0,1.0,1.0,1.0,1.0
10.0,3,6,0.0,0.0,0.0,1.0,1.0,1.0,1.0
10.0,3,7,0.0,0.0,0.0,1.0,1.0,1.0,1.0
10.0,3,8,0.0,0.0,0.0,1.0,1.0,1.0,1.0
10.0,3,9,0.0,0.0,0.0,1.0,1.0,1.0,1.0
10.0,3,10,0.0,0.0,0.0,1.0,1.0,1.0,1.0
10.0,4,2,0.0,0.0,0.0,1.0,1.0,1.0,1.0
10.0,4,3,0.0,0.0,0.0,1.0,1.0,1.0,1.0
10.0,4,4,0.0,0.0,0.0,1.0,1.0,1.0,1.0
10.0,4,5,0.0,0.0,0.0,1.0,1.0,1.0,1.0
10.0,4,6,0.0,0.0,0.0,1.0,1.0,1.0,1.0
10.0,4,7,0.0,0.0,0.0,1.0,1.0,1.0,1.0
10.0,4,8,0.0,0.0,0.0,1.0,1.0,1.0,1.0
10.0,4,9,0.0,0.0,0.0,1.0,1.0,1.0,1.0
10.0,4,10,0.0,0.0,0.0,1.0,1.0,1.0,1.0
10.0,5,2,0.0,0.0,0.0,1.0,1.0,1.0,1.0
10.0,5,3,0.0,0.0,0.0,1.0,1.0,1.0,1.0
10.0,5,4,0.0,0.0,0.0,1.0,1.0,1.0,1.0
10.0,5,5,0.0,0.0,0.0,1.0,1.0,1.0,1.0
10.0,5,6,0.0,0.0,0.0,1.0,1.0,1.0,1.0
10.0,5,7,0.0,0.0,0.0,1.0,1.0,1.0,1.0
10.0,5,8,0.0,0.0,0.0,1.0,1.0,1.0,1.0
10.0,5,9,0.0,0.00390625,0.0,1.0,1.0,1.0,1.0
10.0,5,10,0.0,0.0,0.0,1.0,1.0,1.0,1.0
10.0,6,2,0.0,0.0,0.0,1.0,1.0,1.0,1.0
10.0,6,3,0.0,0.00390625,0.0,1.0,1.0,1.0,1.0
10.0,6,4,0.0,0.00390625,0.0,1.0,1.0,1.0,1.0
10.0,6,5,0.0,0.0,0.0,1.0,1.0,1.0,1.0
10.0,6,6,0.0,0.0,0.0,1.0,1.0,1.0,1.0
10.0,6,7,0.0,0.0,0.0,1.0,1.0,1.0,1.0
10.0,6,8,0.0,0.0,0.0,1.0,1.0,1.0,1.0
10.0,6,9,0.0,0.0,0.0,1.0,1.0,1.0,1.0
10.0,6,10,0.0,0.0,0.0,1.0,1.0,1.0,1.0
10.0,7,2,0.0,0.0,0.0,1.0,1.0,1.0,1.0
10.0,7,3,0.0,0.0,0.0,1.0,1.0,1.0,1.0
10.0,7,4,0.0,0.0,0.0,1.0,1.0,1.0,1.0
10.0,7,5,0.0,0.0,0.0,1.0,1.0,1.0,1.0
10.0,7,6,0.0,0.0,0.0,1.0,1.0,1.0,1.0
10.0,7,7,0.0,0.0,0.0,1.0,1.0,1.0,1.0
10.0,7,8,0.0,0.0,0.0,1.0,1.0,1.0,1.0
10.0,7,9,0.0,0.0,0.0,1.0,1.0,1.0,1.0
10.0,7,10,0.0,0.0,0.0,1.0,1.0,1.0,1.0
10.0,8,2,0.0,0.0,0.0,1.0,1.0,1.0,1.0
10.0,8,3,0.0,0.0,0.0,1.0,1.0,1.0,1.0
10.0,8,4,0.0,0.0,0.0,1.0,1.0,1.0,1.0
10.0,8,5,0.0,0.0,0.0,1.0,1.0,1.0,1.0
10.0,8,6,0.0,0.0,0.0,1.0,1.0,1.0,1.0
10.0,8,7,0.0,0.0,0.0,1.0,1.0,1.0,1.0
10.0,8,8,0.0,0.0,0.0,1.0,1.0,1.0,1.0
10.0,8,9,0.0,0.0,0.0,1.0,1.0,1.0,1.0
10.0,8,10,0.0,0.0,0.0,1.0,1.0,1.0,1.0
10.0,9,2,0.0,0.0,0.0,1.0,1.0,1.0,1.0
10.0,9,3,0.0,0.0,0.0,1.0,1.0,1.0,1.0
10.0,9,4,0.0,0.0,0.0,1.0,1.0,1.0,1.0
10.0,9,5,0.0,0.0,0.0,1.0,1.0,1.0,1.0
10.0,9,6,0.0,0.0,0.0,1.0,1.0,1.0,1.0
10.0,9,7,0.0,0.0,0.0,1.0,1.0,1.0,1.0
10.0,9,8,0.0,0.0,0.0,1.0,1.0,1.0,1.0
10.0,9,9,0.0,0.0,0.0,1.0,1.0,1.0,1.0
10.0,9,10,0.0,0.0,0.0,1.0,1.0,1.0,1.0
10.0,10,2,0.0,0.0,0.0,1.0,1.0,1.0,1.0
10.0,10,3,0.0,0.0,0.0,1.0,1.0,1.0,1.0
10.0,10,4,0.0,0.0,0.0,1.0,1.0,1.0,1.0
10.0,10,5,0.0,0.0,0.0,1.0,1.0,1.0,1.0
10.0,10,6,0.0,0.0,0.0,1.0,1.0,1.0,1.0
10.0,10,7,0.0,0.0,0.0,1.0,1.0,1.0,1.0
10.0,10,8,0.0,0.0,0.0,1.0,1.0,1.0,1.0
10.0,10,9,0.0,0.0,0.0,1.0,1.0,1.0,1.0
10.0,10,10,0.0,0.0,0.0,1.0,1.0,1.0,1.0
20.0,2,2,0.0,0.00390625,0.0,1.0,1.0,1.0,1.0
20.0,2,3,0.0,0.0,0.0,1.0,1.0,1.0,1.0
20.0,2,4,0.0,0.0,0.0,1.0,1.0,1.0,1.0
20.0,2,5,0.0,0.0,0.0,1.0,1.0,1.0,1.0
20.0,2,6,0.0,0.0,0.0,1.0,1.0,1.0,1.0
20.0,2,7,0.0,0.0,0.0,1.0,1.0,1.0,1.0
20.0,2,8,0.0,0.0,0.0,1.0,1.0,1.0,1.0
20.0,2,9,0.0,0.0,0.0,1.0,1.0,1.0,1.0
20.0,2,10,0.0,0.0,0.0,1.0,1.0,1.0,1.0
20.0,3,2,0.0,0.0,0.0,1.0,1.0,1.0,1.0
20.0,3,3,0.0,0.0,0.0,1.0,1.0,1.0,1.0
20.0,3,4,0.0,0.0,0.0,1.0,1.0,1.0,1.0
20.0,3,5,0.0,0.0,0.0,1.0,1.0,1.0,1.0
20.0,3,6,0.0,0.0,0.0,1.0,1.0,1.0,1.0
20.0,3,7,0.0,0.0,0.0,1.0,1.0,1.0,1.0
20.0,3,8,0.0,0.0,0.0,1.0,1.0,1.0,1.0
20.0,3,9,0.0,0.0,0.0,1.0,1.0,1.0,1.0
20.0,3,10,0.0,0.0,0.0,1.0,1.0,1.0,1.0
20.0,4,2,0.0,0.0078125,0.0,0.9666666666666667,0.9708333333333333,0.9669841269841268,0.9666666666666667
20.0,4,3,0.0,0.00390625,0.0,0.9666666666666667,0.9708333333333333,0.9669841269841268,0.9666666666666667
20.0,4,4,0.0,0.0,0.0,0.9666666666666667,0.9708333333333333,0.9669841269841268,0.9666666666666667
20.0,4,5,0.0,0.0,0.0,1.0,1.0,1.0,1.0
20.0,4,6,0.0,0.0,0.0,1.0,1.0,1.0,1.0
20.0,4,7,0.0,0.0,0.0,0.9666666666666667,0.9708333333333333,0.9669841269841268,0.9666666666666667
20.0,4,8,0.0,0.0,0.0,1.0,1.0,1.0,1.0
20.0,4,9,0.0,0.0,0.0,1.0,1.0,1.0,1.0
20.0,4,10,0.0,0.0,0.0,0.9666666666666667,0.9708333333333333,0.9669841269841268,0.9666666666666667
20.0,5,2,0.0,0.0,0.0,0.9666666666666667,0.9708333333333333,0.9669841269841268,0.9666666666666667
20.0,5,3,0.0,0.0,0.0,0.9666666666666667,0.9708333333333333,0.9669841269841268,0.9666666666666667
20.0,5,4,0.0,0.0,0.0,1.0,1.0,1.0,1.0
20.0,5,5,0.0,0.0,0.0,0.9666666666666667,0.9708333333333333,0.9669841269841268,0.9666666666666667
20.0,5,6,0.0,0.0,0.0,0.9666666666666667,0.9708333333333333,0.9669841269841268,0.9666666666666667
20.0,5,7,0.0,0.0078125,0.0,0.9666666666666667,0.9708333333333333,0.9669841269841268,0.9666666666666667
20.0,5,8,0.0,0.00390625,0.0,0.9666666666666667,0.9708333333333333,0.9669841269841268,0.9666666666666667
20.0,5,9,0.0,0.0,0.0,1.0,1.0,1.0,1.0
20.0,5,10,0.0,0.0,0.0,0.9666666666666667,0.9708333333333333,0.9669841269841268,0.9666666666666667
20.0,6,2,0.0,0.0,0.0,1.0,1.0,1.0,1.0
20.0,6,3,0.0,0.00390625,0.0,1.0,1.0,1.0,1.0
20.0,6,4,0.0,0.0,0.0,0.9666666666666667,0.9708333333333333,0.9669841269841268,0.9666666666666667
20.0,6,5,0.0,0.0,0.0,1.0,1.0,1.0,1.0
20.0,6,6,0.0,0.0,0.0,0.9666666666666667,0.9708333333333333,0.9669841269841268,0.9666666666666667
20.0,6,7,0.0,0.0,0.0,0.9666666666666667,0.9708333333333333,0.9669841269841268,0.9666666666666667
20.0,6,8,0.0,0.0,0.0,1.0,1.0,1.0,1.0
20.0,6,9,0.0,0.0,0.0,0.9666666666666667,0.9708333333333333,0.9669841269841268,0.9666666666666667
20.0,6,10,0.0,0.0,0.0,1.0,1.0,1.0,1.0
20.0,7,2,0.0,0.0,0.0,1.0,1.0,1.0,1.0
20.0,7,3,0.0,0.01171875,0.0,1.0,1.0,1.0,1.0
20.0,7,4,0.0,0.0,0.0,0.9666666666666667,0.9708333333333333,0.9669841269841268,0.9666666666666667
20.0,7,5,0.0,0.00390625,0.0,1.0,1.0,1.0,1.0
20.0,7,6,0.0,0.0,0.0,0.9666666666666667,0.9708333333333333,0.9669841269841268,0.9666666666666667
20.0,7,7,0.0,0.0,0.0,0.9666666666666667,0.9708333333333333,0.9669841269841268,0.9666666666666667
20.0,7,8,0.0,0.0,0.0,1.0,1.0,1.0,1.0
20.0,7,9,0.0,0.0,0.0,1.0,1.0,1.0,1.0
20.0,7,10,0.0,0.0,0.0,1.0,1.0,1.0,1.0
20.0,8,2,0.0,0.0,0.0,1.0,1.0,1.0,1.0
20.0,8,3,0.0,0.0,0.0,1.0,1.0,1.0,1.0
20.0,8,4,0.0,0.0,0.0,0.9666666666666667,0.9708333333333333,0.9669841269841268,0.9666666666666667
20.0,8,5,0.0,0.0,0.0,1.0,1.0,1.0,1.0
20.0,8,6,0.0,0.0,0.0,0.9666666666666667,0.9708333333333333,0.9669841269841268,0.9666666666666667
20.0,8,7,0.0,0.0,0.0,1.0,1.0,1.0,1.0
20.0,8,8,0.0,0.0,0.0,0.9666666666666667,0.9708333333333333,0.9669841269841268,0.9666666666666667
20.0,8,9,0.0,0.0,0.0,0.9666666666666667,0.9708333333333333,0.9669841269841268,0.9666666666666667
20.0,8,10,0.0,0.0,0.0,0.9666666666666667,0.9708333333333333,0.9669841269841268,0.9666666666666667
20.0,9,2,0.0,0.0,0.0,1.0,1.0,1.0,1.0
20.0,9,3,0.0,0.0,0.0,0.9666666666666667,0.9708333333333333,0.9669841269841268,0.9666666666666667
20.0,9,4,0.0,0.0,0.0,1.0,1.0,1.0,1.0
20.0,9,5,0.0,0.0,0.0,1.0,1.0,1.0,1.0
20.0,9,6,0.0,0.0,0.0,0.9666666666666667,0.9708333333333333,0.9669841269841268,0.9666666666666667
20.0,9,7,0.0,0.0,0.0,0.9666666666666667,0.9708333333333333,0.9669841269841268,0.9666666666666667
20.0,9,8,0.0,0.0,0.0,0.9666666666666667,0.9708333333333333,0.9669841269841268,0.9666666666666667
20.0,9,9,0.0,0.0,0.0,1.0,1.0,1.0,1.0
20.0,9,10,0.0,0.0,0.0,0.9666666666666667,0.9708333333333333,0.9669841269841268,0.9666666666666667
20.0,10,2,0.0,0.0,0.0,0.9666666666666667,0.9708333333333333,0.9669841269841268,0.9666666666666667
20.0,10,3,0.0,0.0,0.0,1.0,1.0,1.0,1.0
20.0,10,4,0.0,0.0,0.0,1.0,1.0,1.0,1.0
20.0,10,5,0.0,0.0,0.0,0.9666666666666667,0.9708333333333333,0.9669841269841268,0.9666666666666667
20.0,10,6,0.0,0.0,0.0,1.0,1.0,1.0,1.0
20.0,10,7,0.0,0.0,0.0,1.0,1.0,1.0,1.0
20.0,10,8,0.0,0.0,0.0,1.0,1.0,1.0,1.0
20.0,10,9,0.0,0.0,0.0,0.9666666666666667,0.9708333333333333,0.9669841269841268,0.9666666666666667
20.0,10,10,0.0,0.0,0.0,1.0,1.0,1.0,1.0
30.0,2,2,0.0045092105865478516,0.0,104.2,0.9777777777777777,0.9790123456790124,0.9775661375661375,0.9777777777777777
30.0,2,3,0.0,0.0,0.0,0.9777777777777777,0.9790123456790124,0.9775661375661375,0.9777777777777777
30.0,2,4,0.0,0.0,0.0,0.9777777777777777,0.9790123456790124,0.9775661375661375,0.9777777777777777
30.0,2,5,0.0,0.0,0.0,0.9777777777777777,0.9790123456790124,0.9775661375661375,0.9777777777777777
30.0,2,6,0.0,0.0,0.0,0.9777777777777777,0.9790123456790124,0.9775661375661375,0.9777777777777777
30.0,2,7,0.0,0.0,0.0,0.9777777777777777,0.9790123456790124,0.9775661375661375,0.9777777777777777
30.0,2,8,0.0,0.0,0.0,0.9777777777777777,0.9790123456790124,0.9775661375661375,0.9777777777777777
30.0,2,9,0.0,0.0,0.0,0.9777777777777777,0.9790123456790124,0.9775661375661375,0.9777777777777777
30.0,2,10,0.0,0.0,0.0,0.9777777777777777,0.9790123456790124,0.9775661375661375,0.9777777777777777
30.0,3,2,0.0,0.0,0.0,0.9777777777777777,0.9790123456790124,0.9775661375661375,0.9777777777777777
30.0,3,3,0.0,0.0,0.0,0.9777777777777777,0.9790123456790124,0.9775661375661375,0.9777777777777777
30.0,3,4,0.0,0.0,0.0,0.9777777777777777,0.9790123456790124,0.9775661375661375,0.9777777777777777
30.0,3,5,0.0,0.0,0.0,0.9777777777777777,0.9790123456790124,0.9775661375661375,0.9777777777777777
30.0,3,6,0.0,0.0,0.0,0.9777777777777777,0.9790123456790124,0.9775661375661375,0.9777777777777777
30.0,3,7,0.0,0.0,0.0,0.9777777777777777,0.9790123456790124,0.9775661375661375,0.9777777777777777
30.0,3,8,0.0,0.0078125,0.0,0.9777777777777777,0.9790123456790124,0.9775661375661375,0.9777777777777777
30.0,3,9,0.0,0.0,0.0,0.9777777777777777,0.9790123456790124,0.9775661375661375,0.9777777777777777
30.0,3,10,0.0,0.00390625,0.0,0.9777777777777777,0.9790123456790124,0.9775661375661375,0.9777777777777777
30.0,4,2,0.0,0.0,0.0,0.9555555555555556,0.9555555555555556,0.9555555555555556,0.9555555555555556
30.0,4,3,0.0,0.00390625,0.0,0.9555555555555556,0.9555555555555556,0.9555555555555556,0.9555555555555556
30.0,4,4,0.0,0.0,0.0,0.9555555555555556,0.9555555555555556,0.9555555555555556,0.9555555555555556
30.0,4,5,0.0,0.0078125,0.0,0.9555555555555556,0.9555555555555556,0.9555555555555556,0.9555555555555556
30.0,4,6,0.0,0.00390625,0.0,0.9555555555555556,0.9555555555555556,0.9555555555555556,0.9555555555555556
30.0,4,7,0.0,0.00390625,0.0,0.9555555555555556,0.9555555555555556,0.9555555555555556,0.9555555555555556
30.0,4,8,0.0,0.0,0.0,0.9555555555555556,0.9555555555555556,0.9555555555555556,0.9555555555555556
30.0,4,9,0.0,0.0,0.0,0.9555555555555556,0.9555555555555556,0.9555555555555556,0.9555555555555556
30.0,4,10,0.0,0.0,0.0,0.9555555555555556,0.9555555555555556,0.9555555555555556,0.9555555555555556
30.0,5,2,0.0,0.0,0.0,0.9555555555555556,0.9555555555555556,0.9555555555555556,0.9555555555555556
30.0,5,3,0.0,0.0,0.0,0.9555555555555556,0.9555555555555556,0.9555555555555556,0.9555555555555556
30.0,5,4,0.0,0.0,0.0,0.9555555555555556,0.9555555555555556,0.9555555555555556,0.9555555555555556
30.0,5,5,0.0,0.0,0.0,0.9555555555555556,0.9555555555555556,0.9555555555555556,0.9555555555555556
30.0,5,6,0.0,0.00390625,0.0,0.9555555555555556,0.9555555555555556,0.9555555555555556,0.9555555555555556
30.0,5,7,0.0,0.0,0.0,0.9555555555555556,0.9555555555555556,0.9555555555555556,0.9555555555555556
30.0,5,8,0.0,0.0078125,0.0,0.9555555555555556,0.9555555555555556,0.9555555555555556,0.9555555555555556
30.0,5,9,0.0,0.00390625,0.0,0.9555555555555556,0.9555555555555556,0.9555555555555556,0.9555555555555556
30.0,5,10,0.0,0.0,0.0,0.9555555555555556,0.9555555555555556,0.9555555555555556,0.9555555555555556
30.0,6,2,0.0,0.0,0.0,0.9555555555555556,0.9555555555555556,0.9555555555555556,0.9555555555555556
30.0,6,3,0.0,0.0,0.0,0.9555555555555556,0.9555555555555556,0.9555555555555556,0.9555555555555556
30.0,6,4,0.0,0.0,0.0,0.9555555555555556,0.9555555555555556,0.9555555555555556,0.9555555555555556
30.0,6,5,0.0,0.0,0.0,0.9555555555555556,0.9555555555555556,0.9555555555555556,0.9555555555555556
30.0,6,6,0.0,0.0,0.0,0.9555555555555556,0.9555555555555556,0.9555555555555556,0.9555555555555556
30.0,6,7,0.0,0.00390625,0.0,0.9555555555555556,0.9555555555555556,0.9555555555555556,0.9555555555555556
30.0,6,8,0.0,0.0078125,0.0,0.9555555555555556,0.9555555555555556,0.9555555555555556,0.9555555555555556
30.0,6,9,0.0,0.0,0.0,0.9555555555555556,0.9555555555555556,0.9555555555555556,0.9555555555555556
30.0,6,10,0.0,0.0,0.0,0.9555555555555556,0.9555555555555556,0.9555555555555556,0.9555555555555556
30.0,7,2,0.0,0.00390625,0.0,0.9555555555555556,0.9555555555555556,0.9555555555555556,0.9555555555555556
30.0,7,3,0.0,0.0,0.0,0.9555555555555556,0.9555555555555556,0.9555555555555556,0.9555555555555556
30.0,7,4,0.0,0.0,0.0,0.9555555555555556,0.9555555555555556,0.9555555555555556,0.9555555555555556
30.0,7,5,0.0,0.0,0.0,0.9555555555555556,0.9555555555555556,0.9555555555555556,0.9555555555555556
30.0,7,6,0.0,0.0,0.0,0.9555555555555556,0.9555555555555556,0.9555555555555556,0.9555555555555556
30.0,7,7,0.0,0.0,0.0,0.9555555555555556,0.9555555555555556,0.9555555555555556,0.9555555555555556
30.0,7,8,0.0,0.0,0.0,0.9555555555555556,0.9555555555555556,0.9555555555555556,0.9555555555555556
30.0,7,9,0.0,0.0,0.0,0.9555555555555556,0.9555555555555556,0.9555555555555556,0.9555555555555556
30.0,7,10,0.0,0.0,0.0,0.9555555555555556,0.9555555555555556,0.9555555555555556,0.9555555555555556
30.0,8,2,0.0,0.0,0.0,0.9555555555555556,0.9555555555555556,0.9555555555555556,0.9555555555555556
30.0,8,3,0.0,0.0,0.0,0.9555555555555556,0.9555555555555556,0.9555555555555556,0.9555555555555556
30.0,8,4,0.0,0.0,0.0,0.9555555555555556,0.9555555555555556,0.9555555555555556,0.9555555555555556
30.0,8,5,0.0,0.0,0.0,0.9555555555555556,0.9555555555555556,0.9555555555555556,0.9555555555555556
30.0,8,6,0.0,0.0,0.0,0.9555555555555556,0.9555555555555556,0.9555555555555556,0.9555555555555556
30.0,8,7,0.0,0.0,0.0,0.9555555555555556,0.9555555555555556,0.9555555555555556,0.9555555555555556
30.0,8,8,0.0,0.0,0.0,0.9555555555555556,0.9555555555555556,0.9555555555555556,0.9555555555555556
30.0,8,9,0.0,0.0,0.0,0.9555555555555556,0.9555555555555556,0.9555555555555556,0.9555555555555556
30.0,8,10,0.0,0.0,0.0,0.9555555555555556,0.9555555555555556,0.9555555555555556,0.9555555555555556
30.0,9,2,0.0,0.0,0.0,0.9555555555555556,0.9555555555555556,0.9555555555555556,0.9555555555555556
30.0,9,3,0.0,0.0,0.0,0.9555555555555556,0.9555555555555556,0.9555555555555556,0.9555555555555556
30.0,9,4,0.0,0.0,0.0,0.9555555555555556,0.9555555555555556,0.9555555555555556,0.9555555555555556
30.0,9,5,0.0,0.0,0.0,0.9555555555555556,0.9555555555555556,0.9555555555555556,0.9555555555555556
30.0,9,6,0.0,0.0,0.0,0.9555555555555556,0.9555555555555556,0.9555555555555556,0.9555555555555556
30.0,9,7,0.0,0.0,0.0,0.9555555555555556,0.9555555555555556,0.9555555555555556,0.9555555555555556
30.0,9,8,0.0010001659393310547,0.0,0.0,0.9555555555555556,0.9555555555555556,0.9555555555555556,0.9555555555555556
30.0,9,9,0.0,0.0,0.0,0.9555555555555556,0.9555555555555556,0.9555555555555556,0.9555555555555556
30.0,9,10,0.0010001659393310547,0.0,0.0,0.9555555555555556,0.9555555555555556,0.9555555555555556,0.9555555555555556
30.0,10,2,0.0,0.0,0.0,0.9555555555555556,0.9555555555555556,0.9555555555555556,0.9555555555555556
30.0,10,3,0.0,0.0,0.0,0.9555555555555556,0.9555555555555556,0.9555555555555556,0.9555555555555556
30.0,10,4,0.0,0.0,0.0,0.9555555555555556,0.9555555555555556,0.9555555555555556,0.9555555555555556
30.0,10,5,0.0,0.0,0.0,0.9555555555555556,0.9555555555555556,0.9555555555555556,0.9555555555555556
30.0,10,6,0.0,0.0,0.0,0.9555555555555556,0.9555555555555556,0.9555555555555556,0.9555555555555556
30.0,10,7,0.0,0.0,0.0,0.9555555555555556,0.9555555555555556,0.9555555555555556,0.9555555555555556
30.0,10,8,0.0,0.0,0.0,0.9555555555555556,0.9555555555555556,0.9555555555555556,0.9555555555555556
30.0,10,9,0.0,0.0,0.0,0.9555555555555556,0.9555555555555556,0.9555555555555556,0.9555555555555556
30.0,10,10,0.0,0.0,0.0,0.9555555555555556,0.9555555555555556,0.9555555555555556,0.9555555555555556
40.0,2,2,0.0,0.0078125,0.0,0.9666666666666667,0.9693333333333333,0.9660790598290598,0.9666666666666667
40.0,2,3,0.0,0.0,0.0,0.9666666666666667,0.9693333333333333,0.9660790598290598,0.9666666666666667
40.0,2,4,0.0,0.0,0.0,0.9666666666666667,0.9693333333333333,0.9660790598290598,0.9666666666666667
40.0,2,5,0.0,0.0,0.0,0.9666666666666667,0.9693333333333333,0.9660790598290598,0.9666666666666667
40.0,2,6,0.0,0.01953125,0.0,0.9666666666666667,0.9693333333333333,0.9660790598290598,0.9666666666666667
40.0,2,7,0.0,0.0,0.0,0.9666666666666667,0.9693333333333333,0.9660790598290598,0.9666666666666667
40.0,2,8,0.0,0.0,0.0,0.9666666666666667,0.9693333333333333,0.9660790598290598,0.9666666666666667
40.0,2,9,0.0,0.0,0.0,0.9666666666666667,0.9693333333333333,0.9660790598290598,0.9666666666666667
40.0,2,10,0.0,0.0,0.0,0.9666666666666667,0.9693333333333333,0.9660790598290598,0.9666666666666667
40.0,3,2,0.0,0.0,0.0,0.95,0.9557692307692308,0.9485306122448979,0.95
40.0,3,3,0.0,0.0,0.0,0.95,0.9557692307692308,0.9485306122448979,0.95
40.0,3,4,0.0,0.0,0.0,0.95,0.9557692307692308,0.9485306122448979,0.95
40.0,3,5,0.0,0.00390625,0.0,0.95,0.9557692307692308,0.9485306122448979,0.95
40.0,3,6,0.0,0.0,0.0,0.95,0.9557692307692308,0.9485306122448979,0.95
40.0,3,7,0.0,0.0,0.0,0.95,0.9557692307692308,0.9485306122448979,0.95
40.0,3,8,0.0,0.0,0.0,0.95,0.9557692307692308,0.9485306122448979,0.95
40.0,3,9,0.0,0.0,0.0,0.95,0.9557692307692308,0.9485306122448979,0.95
40.0,3,10,0.0,0.0,0.0,0.95,0.9557692307692308,0.9485306122448979,0.95
40.0,4,2,0.0,0.0,0.0,0.9666666666666667,0.9693333333333333,0.9660790598290598,0.9666666666666667
40.0,4,3,0.0,0.0,0.0,0.95,0.9557692307692308,0.9485306122448979,0.95
40.0,4,4,0.0,0.0,0.0,0.95,0.9557692307692308,0.9485306122448979,0.95
40.0,4,5,0.0,0.0,0.0,0.95,0.9557692307692308,0.9485306122448979,0.95
40.0,4,6,0.0,0.0,0.0,0.95,0.9557692307692308,0.9485306122448979,0.95
40.0,4,7,0.0,0.0,0.0,0.95,0.9557692307692308,0.9485306122448979,0.95
40.0,4,8,0.0,0.0,0.0,0.95,0.9557692307692308,0.9485306122448979,0.95
40.0,4,9,0.0,0.0,0.0,0.95,0.9557692307692308,0.9485306122448979,0.95
40.0,4,10,0.0,0.0,0.0,0.95,0.9557692307692308,0.9485306122448979,0.95
40.0,5,2,0.0,0.0,0.0,0.9666666666666667,0.9693333333333333,0.9660790598290598,0.9666666666666667
40.0,5,3,0.0,0.0,0.0,0.95,0.9557692307692308,0.9485306122448979,0.95
40.0,5,4,0.0,0.0,0.0,0.95,0.9557692307692308,0.9485306122448979,0.95
40.0,5,5,0.0,0.0,0.0,0.95,0.9557692307692308,0.9485306122448979,0.95
40.0,5,6,0.0,0.0,0.0,0.95,0.9557692307692308,0.9485306122448979,0.95
40.0,5,7,0.0,0.0,0.0,0.95,0.9557692307692308,0.9485306122448979,0.95
40.0,5,8,0.0,0.0,0.0,0.95,0.9557692307692308,0.9485306122448979,0.95
40.0,5,9,0.0,0.0,0.0,0.95,0.9557692307692308,0.9485306122448979,0.95
40.0,5,10,0.0,0.0,0.0,0.95,0.9557692307692308,0.9485306122448979,0.95
40.0,6,2,0.0,0.0,0.0,0.9666666666666667,0.9693333333333333,0.9660790598290598,0.9666666666666667
40.0,6,3,0.0,0.0,0.0,0.95,0.9557692307692308,0.9485306122448979,0.95
40.0,6,4,0.0,0.0,0.0,0.95,0.9557692307692308,0.9485306122448979,0.95
40.0,6,5,0.0,0.0,0.0,0.95,0.9557692307692308,0.9485306122448979,0.95
40.0,6,6,0.0,0.0,0.0,0.95,0.9557692307692308,0.9485306122448979,0.95
40.0,6,7,0.0,0.0,0.0,0.95,0.9557692307692308,0.9485306122448979,0.95
40.0,6,8,0.0,0.0,0.0,0.95,0.9557692307692308,0.9485306122448979,0.95
40.0,6,9,0.0,0.0,0.0,0.95,0.9557692307692308,0.9485306122448979,0.95
40.0,6,10,0.0,0.0,0.0,0.95,0.9557692307692308,0.9485306122448979,0.95
40.0,7,2,0.0,0.0,0.0,0.9666666666666667,0.9693333333333333,0.9660790598290598,0.9666666666666667
40.0,7,3,0.0,0.0,0.0,0.95,0.9557692307692308,0.9485306122448979,0.95
40.0,7,4,0.0,0.00390625,0.0,0.95,0.9557692307692308,0.9485306122448979,0.95
40.0,7,5,0.0,0.0,0.0,0.95,0.9557692307692308,0.9485306122448979,0.95
40.0,7,6,0.0,0.00390625,0.0,0.95,0.9557692307692308,0.9485306122448979,0.95
40.0,7,7,0.0,0.00390625,0.0,0.95,0.9557692307692308,0.9485306122448979,0.95
40.0,7,8,0.0,0.00390625,0.0,0.95,0.9557692307692308,0.9485306122448979,0.95
40.0,7,9,0.0,0.0,0.0,0.95,0.9557692307692308,0.9485306122448979,0.95
40.0,7,10,0.0,0.0,0.0,0.95,0.9557692307692308,0.9485306122448979,0.95
40.0,8,2,0.0,0.0,0.0,0.9666666666666667,0.9693333333333333,0.9660790598290598,0.9666666666666667
40.0,8,3,0.0,0.01171875,0.0,0.95,0.9557692307692308,0.9485306122448979,0.95
40.0,8,4,0.0,0.0,0.0,0.95,0.9557692307692308,0.9485306122448979,0.95
40.0,8,5,0.0,0.0,0.0,0.95,0.9557692307692308,0.9485306122448979,0.95
40.0,8,6,0.0,0.00390625,0.0,0.95,0.9557692307692308,0.9485306122448979,0.95
40.0,8,7,0.0,0.0,0.0,0.95,0.9557692307692308,0.9485306122448979,0.95
40.0,8,8,0.0,0.0,0.0,0.95,0.9557692307692308,0.9485306122448979,0.95
40.0,8,9,0.0,0.0,0.0,0.95,0.9557692307692308,0.9485306122448979,0.95
40.0,8,10,0.0,0.0,0.0,0.95,0.9557692307692308,0.9485306122448979,0.95
40.0,9,2,0.0,0.0,0.0,0.9666666666666667,0.9693333333333333,0.9660790598290598,0.9666666666666667
40.0,9,3,0.0,0.0,0.0,0.95,0.9557692307692308,0.9485306122448979,0.95
40.0,9,4,0.0,0.0,0.0,0.95,0.9557692307692308,0.9485306122448979,0.95
40.0,9,5,0.0,0.0,0.0,0.95,0.9557692307692308,0.9485306122448979,0.95
40.0,9,6,0.0,0.0,0.0,0.95,0.9557692307692308,0.9485306122448979,0.95
40.0,9,7,0.0,0.0,0.0,0.95,0.9557692307692308,0.9485306122448979,0.95
40.0,9,8,0.0,0.0,0.0,0.95,0.9557692307692308,0.9485306122448979,0.95
40.0,9,9,0.0,0.0,0.0,0.95,0.9557692307692308,0.9485306122448979,0.95
40.0,9,10,0.0,0.0,0.0,0.95,0.9557692307692308,0.9485306122448979,0.95
40.0,10,2,0.0,0.0,0.0,0.9666666666666667,0.9693333333333333,0.9660790598290598,0.9666666666666667
40.0,10,3,0.0,0.0,0.0,0.95,0.9557692307692308,0.9485306122448979,0.95
40.0,10,4,0.0,0.0,0.0,0.95,0.9557692307692308,0.9485306122448979,0.95
40.0,10,5,0.0,0.0,0.0,0.95,0.9557692307692308,0.9485306122448979,0.95
40.0,10,6,0.0,0.0,0.0,0.95,0.9557692307692308,0.9485306122448979,0.95
40.0,10,7,0.0,0.0,0.0,0.95,0.9557692307692308,0.9485306122448979,0.95
40.0,10,8,0.0,0.0078125,0.0,0.95,0.9557692307692308,0.9485306122448979,0.95
40.0,10,9,0.0,0.00390625,0.0,0.95,0.9557692307692308,0.9485306122448979,0.95
40.0,10,10,0.0,0.0,0.0,0.95,0.9557692307692308,0.9485306122448979,0.95
50.0,2,2,0.0,0.0,0.0,0.96,0.9636363636363637,0.9593307593307592,0.96
50.0,2,3,0.0,0.0,0.0,0.96,0.9636363636363637,0.9593307593307592,0.96
50.0,2,4,0.0,0.0,0.0,0.96,0.9636363636363637,0.9593307593307592,0.96
50.0,2,5,0.0,0.0,0.0,0.96,0.9636363636363637,0.9593307593307592,0.96
50.0,2,6,0.0,0.0,0.0,0.96,0.9636363636363637,0.9593307593307592,0.96
50.0,2,7,0.0,0.0,0.0,0.96,0.9636363636363637,0.9593307593307592,0.96
50.0,2,8,0.0,0.0,0.0,0.96,0.9636363636363637,0.9593307593307592,0.96
50.0,2,9,0.0,0.0,0.0,0.96,0.9636363636363637,0.9593307593307592,0.96
50.0,2,10,0.0,0.0,0.0,0.96,0.9636363636363637,0.9593307593307592,0.96
50.0,3,2,0.0,0.0078125,0.0,0.96,0.9636363636363637,0.9593307593307592,0.96
50.0,3,3,0.0,0.0,0.0,0.96,0.9636363636363637,0.9593307593307592,0.96
50.0,3,4,0.0,0.0,0.0,0.96,0.9636363636363637,0.9593307593307592,0.96
50.0,3,5,0.0,0.00390625,0.0,0.96,0.9636363636363637,0.9593307593307592,0.96
50.0,3,6,0.0,0.0,0.0,0.96,0.9636363636363637,0.9593307593307592,0.96
50.0,3,7,0.0,0.0,0.0,0.96,0.9636363636363637,0.9593307593307592,0.96
50.0,3,8,0.0,0.0,0.0,0.96,0.9636363636363637,0.9593307593307592,0.96
50.0,3,9,0.0,0.0,0.0,0.96,0.9636363636363637,0.9593307593307592,0.96
50.0,3,10,0.0,0.0,0.0,0.96,0.9636363636363637,0.9593307593307592,0.96
50.0,4,2,0.0,0.0,0.0,0.9733333333333334,0.975,0.9730616864742501,0.9733333333333334
50.0,4,3,0.0,0.0,0.0,0.96,0.9636363636363637,0.9593307593307592,0.96
50.0,4,4,0.0,0.0,0.0,0.96,0.9636363636363637,0.9593307593307592,0.96
50.0,4,5,0.0,0.0,0.0,0.96,0.9636363636363637,0.9593307593307592,0.96
50.0,4,6,0.0,0.0,0.0,0.96,0.9636363636363637,0.9593307593307592,0.96
50.0,4,7,0.0,0.0,0.0,0.96,0.9636363636363637,0.9593307593307592,0.96
50.0,4,8,0.0,0.0,0.0,0.96,0.9636363636363637,0.9593307593307592,0.96
50.0,4,9,0.0,0.0,0.0,0.96,0.9636363636363637,0.9593307593307592,0.96
50.0,4,10,0.0,0.0,0.0,0.96,0.9636363636363637,0.9593307593307592,0.96
50.0,5,2,0.0,0.0,0.0,0.9733333333333334,0.975,0.9730616864742501,0.9733333333333334
50.0,5,3,0.0,0.0,0.0,0.9466666666666667,0.9529411764705882,0.9453703703703703,0.9466666666666667
50.0,5,4,0.0,0.0,0.0,0.96,0.9636363636363637,0.9593307593307592,0.96
50.0,5,5,0.0,0.0,0.0,0.96,0.9636363636363637,0.9593307593307592,0.96
50.0,5,6,0.0,0.0,0.0,0.96,0.9636363636363637,0.9593307593307592,0.96
50.0,5,7,0.0,0.0,0.0,0.96,0.9636363636363637,0.9593307593307592,0.96
50.0,5,8,0.0,0.0,0.0,0.96,0.9636363636363637,0.9593307593307592,0.96
50.0,5,9,0.0,0.0,0.0,0.96,0.9636363636363637,0.9593307593307592,0.96
50.0,5,10,0.0,0.0,0.0,0.96,0.9636363636363637,0.9593307593307592,0.96
50.0,6,2,0.0,0.0,0.0,0.9733333333333334,0.975,0.9730616864742501,0.9733333333333334
50.0,6,3,0.0,0.0,0.0,0.96,0.9636363636363637,0.9593307593307592,0.96
50.0,6,4,0.0,0.0,0.0,0.96,0.9636363636363637,0.9593307593307592,0.96
50.0,6,5,0.0,0.0,0.0,0.96,0.9636363636363637,0.9593307593307592,0.96
50.0,6,6,0.0,0.0,0.0,0.96,0.9636363636363637,0.9593307593307592,0.96
50.0,6,7,0.0,0.0,0.0,0.96,0.9636363636363637,0.9593307593307592,0.96
50.0,6,8,0.0,0.0,0.0,0.96,0.9636363636363637,0.9593307593307592,0.96
50.0,6,9,0.0,0.0,0.0,0.96,0.9636363636363637,0.9593307593307592,0.96
50.0,6,10,0.0,0.0,0.0,0.96,0.9636363636363637,0.9593307593307592,0.96
50.0,7,2,0.0,0.0,0.0,0.96,0.9636363636363637,0.9593307593307592,0.96
50.0,7,3,0.0,0.0,0.0,0.96,0.9636363636363637,0.9593307593307592,0.96
50.0,7,4,0.0,0.0,0.0,0.96,0.9636363636363637,0.9593307593307592,0.96
50.0,7,5,0.0,0.0,0.0,0.96,0.9636363636363637,0.9593307593307592,0.96
50.0,7,6,0.0,0.0,0.0,0.96,0.9636363636363637,0.9593307593307592,0.96
50.0,7,7,0.0,0.0,0.0,0.96,0.9636363636363637,0.9593307593307592,0.96
50.0,7,8,0.0,0.0,0.0,0.96,0.9636363636363637,0.9593307593307592,0.96
50.0,7,9,0.0,0.0,0.0,0.96,0.9636363636363637,0.9593307593307592,0.96
50.0,7,10,0.0,0.0,0.0,0.96,0.9636363636363637,0.9593307593307592,0.96
50.0,8,2,0.0,0.0,0.0,0.96,0.9636363636363637,0.9593307593307592,0.96
50.0,8,3,0.0,0.0,0.0,0.9466666666666667,0.9529411764705882,0.9453703703703703,0.9466666666666667
50.0,8,4,0.0,0.0,0.0,0.96,0.9636363636363637,0.9593307593307592,0.96
50.0,8,5,0.0,0.0,0.0,0.96,0.9636363636363637,0.9593307593307592,0.96
50.0,8,6,0.0,0.0,0.0,0.96,0.9636363636363637,0.9593307593307592,0.96
50.0,8,7,0.0,0.0,0.0,0.96,0.9636363636363637,0.9593307593307592,0.96
50.0,8,8,0.0,0.0,0.0,0.96,0.9636363636363637,0.9593307593307592,0.96
50.0,8,9,0.0,0.0,0.0,0.96,0.9636363636363637,0.9593307593307592,0.96
50.0,8,10,0.0,0.0,0.0,0.96,0.9636363636363637,0.9593307593307592,0.96
50.0,9,2,0.0,0.0,0.0,0.9733333333333334,0.975,0.9730616864742501,0.9733333333333334
50.0,9,3,0.0,0.0,0.0,0.96,0.9636363636363637,0.9593307593307592,0.96
50.0,9,4,0.0,0.0,0.0,0.96,0.9636363636363637,0.9593307593307592,0.96
50.0,9,5,0.0,0.0,0.0,0.96,0.9636363636363637,0.9593307593307592,0.96
50.0,9,6,0.0,0.0,0.0,0.96,0.9636363636363637,0.9593307593307592,0.96
50.0,9,7,0.0,0.0,0.0,0.96,0.9636363636363637,0.9593307593307592,0.96
50.0,9,8,0.0,0.0,0.0,0.96,0.9636363636363637,0.9593307593307592,0.96
50.0,9,9,0.0,0.0,0.0,0.96,0.9636363636363637,0.9593307593307592,0.96
50.0,9,10,0.0,0.0,0.0,0.96,0.9636363636363637,0.9593307593307592,0.96
50.0,10,2,0.0,0.0,0.0,0.96,0.9636363636363637,0.9593307593307592,0.96
50.0,10,3,0.0,0.0,0.0,0.9466666666666667,0.9529411764705882,0.9453703703703703,0.9466666666666667
50.0,10,4,0.0,0.0,0.0,0.96,0.9636363636363637,0.9593307593307592,0.96
50.0,10,5,0.0,0.0,0.0,0.96,0.9636363636363637,0.9593307593307592,0.96
50.0,10,6,0.0,0.0,0.0,0.96,0.9636363636363637,0.9593307593307592,0.96
50.0,10,7,0.0,0.0,0.0,0.96,0.9636363636363637,0.9593307593307592,0.96
50.0,10,8,0.0,0.0,0.0,0.96,0.9636363636363637,0.9593307593307592,0.96
50.0,10,9,0.0,0.0,0.0,0.96,0.9636363636363637,0.9593307593307592,0.96
50.0,10,10,0.0010063648223876953,0.0,0.0,0.96,0.9636363636363637,0.9593307593307592,0.96
